{"noiseKey":{"private":{"type":"Buffer","data":"KC6Ik5JkWMLdkC2r6S8GA4LJtpLGhOgW9Wa5FOrKKWA="},"public":{"type":"Buffer","data":"hg57jmhkkQdl0Flri9TiSvrLx6exhXAfk9Rddq1JZyk="}},"pairingEphemeralKeyPair":{"private":{"type":"Buffer","data":"YJRbOrOcotmUBz3KJ8cDOCkEBX4BY1QyKgJrfZpnzHs="},"public":{"type":"Buffer","data":"ngMq07mtLW0wcgmCpFTvY+IvwnYWdqJPj0xViz5I9CI="}},"signedIdentityKey":{"private":{"type":"Buffer","data":"cNq5E3eFTH2WIpB6LL7Urwuqo2TLjsAGORaXuL65WGk="},"public":{"type":"Buffer","data":"fnO8tru3UwjbWSfqPLwhaWqhzqxUwQKSxYuwYOdepT0="}},"signedPreKey":{"keyPair":{"private":{"type":"Buffer","data":"WBySozt45568IWRZdjJi4TFynaQXHNNJ51Ncx4harks="},"public":{"type":"Buffer","data":"dYI9KfSuoA3LzuOG+wAvCMilpyD5WFSYHhsRLnLDwko="}},"signature":{"type":"Buffer","data":"CCXBpPZK6Gg90GQMfDM5DH48Nt5u24wcxVofjmQxKs43CezNJ4juPlOX/W/nT4YzndvjquEjcF8aujvO+jRBgQ=="},"keyId":1},"registrationId":209,"advSecretKey":"SeWtMaj/7YOWUVvvlmTaNChqxSo4YAbvygoi3TImxcs=","processedHistoryMessages":[{"key":{"remoteJid":"2347013859107@s.whatsapp.net","fromMe":true,"id":"FC080D3D904378A28C0B1988A6A26298"},"messageTimestamp":1720198172}],"nextPreKeyId":31,"firstUnuploadedPreKeyId":31,"accountSyncCounter":0,"accountSettings":{"unarchiveChats":false},"deviceId":"S11tcJW2SMSG-ZofxSvrBA","phoneId":"e41df64e-836b-4b8d-a2e5-0898acae0960","identityId":{"type":"Buffer","data":"/7d0meWJlCPkpkWqD9iPCGwslYg="},"registered":true,"backupToken":{"type":"Buffer","data":"/DX+nqWEx/IUlLFazrzPkVkZRjk="},"registration":{},"pairingCode":"VAT3ZFJ1","me":{"id":"2347013859107:10@s.whatsapp.net","name":"Big Zeni","lid":"56680985440328:10@lid"},"account":{"details":"CMql08IEEI/IoLQGGAQgACgA","accountSignatureKey":"omobz4ZrOHpzWLk1vD/DNLvwvId4F262PV8O2Op3y2g=","accountSignature":"463wHTe4pUN05ZzDMU115MItywiFaMCjC1c5O9bpyUmUtNNQ5JIBdWkIO9ypfZnqCHU30EaEOwf6zbKNJyPWAA==","deviceSignature":"8EJ4bJVW0kfi6O+xOwGvZSq3TYFMKT/v9TYgT+d54bRu4r03wHQpidjXP/emXabaKD5CWbKkKJU1l9TgyFZGhA=="},"signalIdentities":[{"identifier":{"name":"2347013859107:10@s.whatsapp.net","deviceId":0},"identifierKey":{"type":"Buffer","data":"BaJqG8+Gazh6c1i5Nbw/wzS78LyHeBdutj1fDtjqd8to"}}],"platform":"smba","lastAccountSyncTimestamp":1720198165,"myAppStateKeyId":"AAAAAIS6"}